{
  "topk": {
    "recall_at_5": 0.9341,
    "recall_at_10": 0.9743333333333334,
    "ndcg_at_10": 0.9081198690430577,
    "n": 500
  },
  "hybrid": {
    "recall_at_5": 0.9306666666666666,
    "recall_at_10": 0.9743333333333334,
    "ndcg_at_10": 0.9051804374118647,
    "n": 500,
    "params": {
      "topk_w": 0.5,
      "top_sessions": 10,
      "alpha": 0.3,
      "beta": 0.1
    }
  }
}