{
  "topk": {
    "recall_at_5": 0.8569333333333335,
    "recall_at_10": 0.9272999999999998,
    "ndcg_at_10": 0.8252456843449021,
    "n": 500
  },
  "graph": {
    "recall_at_5": 0.8220666666666667,
    "recall_at_10": 0.8687999999999999,
    "ndcg_at_10": 0.7855001297168802,
    "n": 500
  }
}