{
  "topk": {
    "recall_at_5": 0.82,
    "recall_at_10": 0.92,
    "ndcg_at_10": 0.7391397234514397,
    "n": 50
  },
  "graph": {
    "recall_at_5": 0.82,
    "recall_at_10": 0.84,
    "ndcg_at_10": 0.7153507654679586,
    "n": 50
  }
}