{
  "topk": {
    "recall_at_5": 0.9341000000000002,
    "recall_at_10": 0.9731666666666667,
    "ndcg_at_10": 0.9118787141552259,
    "n": 500
  },
  "graph": {
    "recall_at_5": 0.8474000000000002,
    "recall_at_10": 0.8479000000000002,
    "ndcg_at_10": 0.8301461420173186,
    "n": 500
  }
}